
<RENDERBATCH>

  <RENDERIMG RASNAME="C:\fpga\build_microblaze\hw\SDK\SDK_Export\hw\imgs\proc_sys_reset_0.jpg" SVGNAME="C:\fpga\build_microblaze\hw\SDK\SDK_Export\hw\imgs\proc_sys_reset_0.svg" TMPSVGFN="C:\fpga\build_microblaze\hw\__xps\.dswkshop\proc_sys_reset_0.svg"/>

  <RENDERIMG RASNAME="C:\fpga\build_microblaze\hw\SDK\SDK_Export\hw\imgs\microblaze_0_ilmb.jpg" SVGNAME="C:\fpga\build_microblaze\hw\SDK\SDK_Export\hw\imgs\microblaze_0_ilmb.svg" TMPSVGFN="C:\fpga\build_microblaze\hw\__xps\.dswkshop\microblaze_0_ilmb.svg"/>

  <RENDERIMG RASNAME="C:\fpga\build_microblaze\hw\SDK\SDK_Export\hw\imgs\microblaze_0_i_bram_ctrl.jpg" SVGNAME="C:\fpga\build_microblaze\hw\SDK\SDK_Export\hw\imgs\microblaze_0_i_bram_ctrl.svg" TMPSVGFN="C:\fpga\build_microblaze\hw\__xps\.dswkshop\microblaze_0_i_bram_ctrl.svg"/>

  <RENDERIMG RASNAME="C:\fpga\build_microblaze\hw\SDK\SDK_Export\hw\imgs\microblaze_0_dlmb.jpg" SVGNAME="C:\fpga\build_microblaze\hw\SDK\SDK_Export\hw\imgs\microblaze_0_dlmb.svg" TMPSVGFN="C:\fpga\build_microblaze\hw\__xps\.dswkshop\microblaze_0_dlmb.svg"/>

  <RENDERIMG RASNAME="C:\fpga\build_microblaze\hw\SDK\SDK_Export\hw\imgs\microblaze_0_d_bram_ctrl.jpg" SVGNAME="C:\fpga\build_microblaze\hw\SDK\SDK_Export\hw\imgs\microblaze_0_d_bram_ctrl.svg" TMPSVGFN="C:\fpga\build_microblaze\hw\__xps\.dswkshop\microblaze_0_d_bram_ctrl.svg"/>

  <RENDERIMG RASNAME="C:\fpga\build_microblaze\hw\SDK\SDK_Export\hw\imgs\microblaze_0_bram_block.jpg" SVGNAME="C:\fpga\build_microblaze\hw\SDK\SDK_Export\hw\imgs\microblaze_0_bram_block.svg" TMPSVGFN="C:\fpga\build_microblaze\hw\__xps\.dswkshop\microblaze_0_bram_block.svg"/>

  <RENDERIMG RASNAME="C:\fpga\build_microblaze\hw\SDK\SDK_Export\hw\imgs\microblaze_0.jpg" SVGNAME="C:\fpga\build_microblaze\hw\SDK\SDK_Export\hw\imgs\microblaze_0.svg" TMPSVGFN="C:\fpga\build_microblaze\hw\__xps\.dswkshop\microblaze_0.svg"/>

  <RENDERIMG RASNAME="C:\fpga\build_microblaze\hw\SDK\SDK_Export\hw\imgs\debug_module.jpg" SVGNAME="C:\fpga\build_microblaze\hw\SDK\SDK_Export\hw\imgs\debug_module.svg" TMPSVGFN="C:\fpga\build_microblaze\hw\__xps\.dswkshop\debug_module.svg"/>

  <RENDERIMG RASNAME="C:\fpga\build_microblaze\hw\SDK\SDK_Export\hw\imgs\clock_generator_0.jpg" SVGNAME="C:\fpga\build_microblaze\hw\SDK\SDK_Export\hw\imgs\clock_generator_0.svg" TMPSVGFN="C:\fpga\build_microblaze\hw\__xps\.dswkshop\clock_generator_0.svg"/>

  <RENDERIMG RASNAME="C:\fpga\build_microblaze\hw\SDK\SDK_Export\hw\imgs\axi_timer_0.jpg" SVGNAME="C:\fpga\build_microblaze\hw\SDK\SDK_Export\hw\imgs\axi_timer_0.svg" TMPSVGFN="C:\fpga\build_microblaze\hw\__xps\.dswkshop\axi_timer_0.svg"/>

  <RENDERIMG RASNAME="C:\fpga\build_microblaze\hw\SDK\SDK_Export\hw\imgs\axi4lite_0.jpg" SVGNAME="C:\fpga\build_microblaze\hw\SDK\SDK_Export\hw\imgs\axi4lite_0.svg" TMPSVGFN="C:\fpga\build_microblaze\hw\__xps\.dswkshop\axi4lite_0.svg"/>

  <RENDERIMG RASNAME="C:\fpga\build_microblaze\hw\SDK\SDK_Export\hw\imgs\axi4_0.jpg" SVGNAME="C:\fpga\build_microblaze\hw\SDK\SDK_Export\hw\imgs\axi4_0.svg" TMPSVGFN="C:\fpga\build_microblaze\hw\__xps\.dswkshop\axi4_0.svg"/>

  <RENDERIMG RASNAME="C:\fpga\build_microblaze\hw\SDK\SDK_Export\hw\imgs\MCB_DDR3.jpg" SVGNAME="C:\fpga\build_microblaze\hw\SDK\SDK_Export\hw\imgs\MCB_DDR3.svg" TMPSVGFN="C:\fpga\build_microblaze\hw\__xps\.dswkshop\MCB_DDR3.svg"/>

  <RENDERIMG RASNAME="C:\fpga\build_microblaze\hw\SDK\SDK_Export\hw\imgs\LEDS.jpg" SVGNAME="C:\fpga\build_microblaze\hw\SDK\SDK_Export\hw\imgs\LEDS.svg" TMPSVGFN="C:\fpga\build_microblaze\hw\__xps\.dswkshop\LEDS.svg"/>

  <RENDERIMG RASNAME="C:\fpga\build_microblaze\hw\SDK\SDK_Export\hw\imgs\axi_quad_spi_0.jpg" SVGNAME="C:\fpga\build_microblaze\hw\SDK\SDK_Export\hw\imgs\axi_quad_spi_0.svg" TMPSVGFN="C:\fpga\build_microblaze\hw\__xps\.dswkshop\axi_quad_spi_0.svg"/>

  <RENDERIMG RASNAME="C:\fpga\build_microblaze\hw\SDK\SDK_Export\hw\imgs\system_blkd.jpg" SVGNAME="C:\fpga\build_microblaze\hw\SDK\SDK_Export\hw\imgs\system_blkd.svg" TMPSVGFN="C:\fpga\build_microblaze\hw\__xps\.dswkshop\system_blkd.svg"/>

</RENDERBATCH>