<?xml version="1.0" encoding="UTF-8" ?>
<document>
<!--The data in this file is primarily intended for consumption by Xilinx tools.
The structure and the elements are likely to change over the next few releases.
This means code written to parse this file will need to be revisited each subsequent release.-->
<application name="impact" timeStamp="Mon Mar 25 22:58:21 2013">
<section name="Project Information" visible="false">
<property name="ProjectID" value="a43dd10277064680b605bcf0ce957eb4"/>
<property name="ProjectIteration" value="1"/>
</section>
<section name="iMPACT Project Info" visible="true">
<property name="Use Project File" value="No"/>
<property name="Project Entry" value="Stand Alone"/>
<property name="OS Name" value="Microsoft Windows NT"/>
<property name="User Lic. Info" value="208957697_0_0_768"/>
</section>
<section name="iMPACT One Step SVF File Mode" visible="true">
<item name="Chain Summary">
<property name="Number of device" value="1"/>
<property name="Number of Xilinx device" value="1"/>
<property name="Number of Non-Xilinx device" value="0"/>
</item>
<item name="Chain Description">
<property name="Device1" value="spartan6"/>
<property name="Part1" value="xc6slx45t"/>
<property name="Device1" value="SPI FLASH"/>
<property name="Part1" value="W25Q128FV"/>
<property name="Data Width" value="x1"/>
</item>
<item name="Boundary Scan Operations Statistics">
</item>
<item name="Cable Summary">
<property name="Cable Type" value="Platform Cable USB"/>
<property name="Cable Speed" value="6 MHz"/>
<property name="Port" value="usb-hs"/>
<property name="Local_Server_Mode" value="Local"/>
</item>
</section>
<section name="iMPACT SPI FLASH File Generation Mode" visible="true">
<item name="FLASH File Summary">
<property name="Number of FLASH" value="1"/>
<property name="FLASH Data Width" value="8"/>
<property name="FLASH" value="1"/>
<property name="FLASH Size" value="16M Byte"/>
</item>
<item name="Revision_Data File Summary">
<property name="Number of Revision" value="1"/>
<property name="Number of Data File" value="0"/>
</item>
<item name="Revision 1">
<property name="Number of device" value="0"/>
</item>
</section>
</application>
</document>
