<?xml version="1.0" encoding="UTF-8"?>
<spirit:component xmlns:spirit="http://www.spiritconsortium.org/XMLSchema/SPIRIT/1.4" xmlns:xilinx="http://www.xilinx.com">
  <spirit:vendor/>
  <spirit:library/>
  <spirit:name/>
  <spirit:version/>
  
  <spirit:model>
    <spirit:views/>
    <spirit:ports/>
    <spirit:modelParameters>
      <spirit:modelParameter>
        <spirit:name>C_ARB_ALGORITHM</spirit:name>
        <spirit:value spirit:format="string" spirit:resolve="OPTIONAL" spirit:id="_component_.C_ARB_ALGORITHM"> 0 </spirit:value>
      </spirit:modelParameter>
      <spirit:modelParameter>
        <spirit:name>C_ARB_NUM_TIME_SLOTS</spirit:name>
        <spirit:value spirit:format="string" spirit:resolve="OPTIONAL" spirit:id="_component_.C_ARB_NUM_TIME_SLOTS"> 12 </spirit:value>
      </spirit:modelParameter>
      <spirit:modelParameter>
        <spirit:name>C_ARB_TIME_SLOT_0</spirit:name>
        <spirit:value spirit:format="string" spirit:resolve="OPTIONAL" spirit:id="_component_.C_ARB_TIME_SLOT_0"> 0b000000000000000000 </spirit:value>
      </spirit:modelParameter>
      <spirit:modelParameter>
        <spirit:name>C_ARB_TIME_SLOT_1</spirit:name>
        <spirit:value spirit:format="string" spirit:resolve="OPTIONAL" spirit:id="_component_.C_ARB_TIME_SLOT_1"> 0b000000000000000000 </spirit:value>
      </spirit:modelParameter>
      <spirit:modelParameter>
        <spirit:name>C_ARB_TIME_SLOT_10</spirit:name>
        <spirit:value spirit:format="string" spirit:resolve="OPTIONAL" spirit:id="_component_.C_ARB_TIME_SLOT_10"> 0b000000000000000000 </spirit:value>
      </spirit:modelParameter>
      <spirit:modelParameter>
        <spirit:name>C_ARB_TIME_SLOT_11</spirit:name>
        <spirit:value spirit:format="string" spirit:resolve="OPTIONAL" spirit:id="_component_.C_ARB_TIME_SLOT_11"> 0b000000000000000000 </spirit:value>
      </spirit:modelParameter>
      <spirit:modelParameter>
        <spirit:name>C_ARB_TIME_SLOT_2</spirit:name>
        <spirit:value spirit:format="string" spirit:resolve="OPTIONAL" spirit:id="_component_.C_ARB_TIME_SLOT_2"> 0b000000000000000000 </spirit:value>
      </spirit:modelParameter>
      <spirit:modelParameter>
        <spirit:name>C_ARB_TIME_SLOT_3</spirit:name>
        <spirit:value spirit:format="string" spirit:resolve="OPTIONAL" spirit:id="_component_.C_ARB_TIME_SLOT_3"> 0b000000000000000000 </spirit:value>
      </spirit:modelParameter>
      <spirit:modelParameter>
        <spirit:name>C_ARB_TIME_SLOT_4</spirit:name>
        <spirit:value spirit:format="string" spirit:resolve="OPTIONAL" spirit:id="_component_.C_ARB_TIME_SLOT_4"> 0b000000000000000000 </spirit:value>
      </spirit:modelParameter>
      <spirit:modelParameter>
        <spirit:name>C_ARB_TIME_SLOT_5</spirit:name>
        <spirit:value spirit:format="string" spirit:resolve="OPTIONAL" spirit:id="_component_.C_ARB_TIME_SLOT_5"> 0b000000000000000000 </spirit:value>
      </spirit:modelParameter>
      <spirit:modelParameter>
        <spirit:name>C_ARB_TIME_SLOT_6</spirit:name>
        <spirit:value spirit:format="string" spirit:resolve="OPTIONAL" spirit:id="_component_.C_ARB_TIME_SLOT_6"> 0b000000000000000000 </spirit:value>
      </spirit:modelParameter>
      <spirit:modelParameter>
        <spirit:name>C_ARB_TIME_SLOT_7</spirit:name>
        <spirit:value spirit:format="string" spirit:resolve="OPTIONAL" spirit:id="_component_.C_ARB_TIME_SLOT_7"> 0b000000000000000000 </spirit:value>
      </spirit:modelParameter>
      <spirit:modelParameter>
        <spirit:name>C_ARB_TIME_SLOT_8</spirit:name>
        <spirit:value spirit:format="string" spirit:resolve="OPTIONAL" spirit:id="_component_.C_ARB_TIME_SLOT_8"> 0b000000000000000000 </spirit:value>
      </spirit:modelParameter>
      <spirit:modelParameter>
        <spirit:name>C_ARB_TIME_SLOT_9</spirit:name>
        <spirit:value spirit:format="string" spirit:resolve="OPTIONAL" spirit:id="_component_.C_ARB_TIME_SLOT_9"> 0b000000000000000000 </spirit:value>
      </spirit:modelParameter>
      <spirit:modelParameter>
        <spirit:name>C_AXI_NBURST_SUPPORT</spirit:name>
        <spirit:value spirit:format="string" spirit:resolve="OPTIONAL" spirit:id="_component_.C_AXI_NBURST_SUPPORT"> 1 </spirit:value>
      </spirit:modelParameter>
      <spirit:modelParameter>
        <spirit:name>C_BEGIN_ADDRESS</spirit:name>
        <spirit:value spirit:format="string" spirit:resolve="OPTIONAL" spirit:id="_component_.C_BEGIN_ADDRESS"> 32&apos;h01000000:32&apos;h00000700 </spirit:value>
      </spirit:modelParameter>
      <spirit:modelParameter>
        <spirit:name>C_CALIB_SOFT_IP</spirit:name>
        <spirit:value spirit:format="string" spirit:resolve="OPTIONAL" spirit:id="_component_.C_CALIB_SOFT_IP"> TRUE </spirit:value>
      </spirit:modelParameter>
      <spirit:modelParameter>
        <spirit:name>C_CLKFBOUT_MULT</spirit:name>
        <spirit:value spirit:format="string" spirit:resolve="OPTIONAL" spirit:id="_component_.C_CLKFBOUT_MULT"> 2 </spirit:value>
      </spirit:modelParameter>
      <spirit:modelParameter>
        <spirit:name>C_CLKOUT0_DIVIDE</spirit:name>
        <spirit:value spirit:format="string" spirit:resolve="OPTIONAL" spirit:id="_component_.C_CLKOUT0_DIVIDE"> 1 </spirit:value>
      </spirit:modelParameter>
      <spirit:modelParameter>
        <spirit:name>C_CLKOUT1_DIVIDE</spirit:name>
        <spirit:value spirit:format="string" spirit:resolve="OPTIONAL" spirit:id="_component_.C_CLKOUT1_DIVIDE"> 1 </spirit:value>
      </spirit:modelParameter>
      <spirit:modelParameter>
        <spirit:name>C_CLKOUT2_DIVIDE</spirit:name>
        <spirit:value spirit:format="string" spirit:resolve="OPTIONAL" spirit:id="_component_.C_CLKOUT2_DIVIDE"> 16 </spirit:value>
      </spirit:modelParameter>
      <spirit:modelParameter>
        <spirit:name>C_CLKOUT3_DIVIDE</spirit:name>
        <spirit:value spirit:format="string" spirit:resolve="OPTIONAL" spirit:id="_component_.C_CLKOUT3_DIVIDE"> 8 </spirit:value>
      </spirit:modelParameter>
      <spirit:modelParameter>
        <spirit:name>C_DIVCLK_DIVIDE</spirit:name>
        <spirit:value spirit:format="string" spirit:resolve="OPTIONAL" spirit:id="_component_.C_DIVCLK_DIVIDE"> 1 </spirit:value>
      </spirit:modelParameter>
      <spirit:modelParameter>
        <spirit:name>C_DQ0_TAP_DELAY_VAL</spirit:name>
        <spirit:value spirit:format="string" spirit:resolve="OPTIONAL" spirit:id="_component_.C_DQ0_TAP_DELAY_VAL"> 0 </spirit:value>
      </spirit:modelParameter>
      <spirit:modelParameter>
        <spirit:name>C_DQ10_TAP_DELAY_VAL</spirit:name>
        <spirit:value spirit:format="string" spirit:resolve="OPTIONAL" spirit:id="_component_.C_DQ10_TAP_DELAY_VAL"> 0 </spirit:value>
      </spirit:modelParameter>
      <spirit:modelParameter>
        <spirit:name>C_DQ11_TAP_DELAY_VAL</spirit:name>
        <spirit:value spirit:format="string" spirit:resolve="OPTIONAL" spirit:id="_component_.C_DQ11_TAP_DELAY_VAL"> 0 </spirit:value>
      </spirit:modelParameter>
      <spirit:modelParameter>
        <spirit:name>C_DQ12_TAP_DELAY_VAL</spirit:name>
        <spirit:value spirit:format="string" spirit:resolve="OPTIONAL" spirit:id="_component_.C_DQ12_TAP_DELAY_VAL"> 0 </spirit:value>
      </spirit:modelParameter>
      <spirit:modelParameter>
        <spirit:name>C_DQ13_TAP_DELAY_VAL</spirit:name>
        <spirit:value spirit:format="string" spirit:resolve="OPTIONAL" spirit:id="_component_.C_DQ13_TAP_DELAY_VAL"> 0 </spirit:value>
      </spirit:modelParameter>
      <spirit:modelParameter>
        <spirit:name>C_DQ14_TAP_DELAY_VAL</spirit:name>
        <spirit:value spirit:format="string" spirit:resolve="OPTIONAL" spirit:id="_component_.C_DQ14_TAP_DELAY_VAL"> 0 </spirit:value>
      </spirit:modelParameter>
      <spirit:modelParameter>
        <spirit:name>C_DQ15_TAP_DELAY_VAL</spirit:name>
        <spirit:value spirit:format="string" spirit:resolve="OPTIONAL" spirit:id="_component_.C_DQ15_TAP_DELAY_VAL"> 0 </spirit:value>
      </spirit:modelParameter>
      <spirit:modelParameter>
        <spirit:name>C_DQ1_TAP_DELAY_VAL</spirit:name>
        <spirit:value spirit:format="string" spirit:resolve="OPTIONAL" spirit:id="_component_.C_DQ1_TAP_DELAY_VAL"> 0 </spirit:value>
      </spirit:modelParameter>
      <spirit:modelParameter>
        <spirit:name>C_DQ2_TAP_DELAY_VAL</spirit:name>
        <spirit:value spirit:format="string" spirit:resolve="OPTIONAL" spirit:id="_component_.C_DQ2_TAP_DELAY_VAL"> 0 </spirit:value>
      </spirit:modelParameter>
      <spirit:modelParameter>
        <spirit:name>C_DQ3_TAP_DELAY_VAL</spirit:name>
        <spirit:value spirit:format="string" spirit:resolve="OPTIONAL" spirit:id="_component_.C_DQ3_TAP_DELAY_VAL"> 0 </spirit:value>
      </spirit:modelParameter>
      <spirit:modelParameter>
        <spirit:name>C_DQ4_TAP_DELAY_VAL</spirit:name>
        <spirit:value spirit:format="string" spirit:resolve="OPTIONAL" spirit:id="_component_.C_DQ4_TAP_DELAY_VAL"> 0 </spirit:value>
      </spirit:modelParameter>
      <spirit:modelParameter>
        <spirit:name>C_DQ5_TAP_DELAY_VAL</spirit:name>
        <spirit:value spirit:format="string" spirit:resolve="OPTIONAL" spirit:id="_component_.C_DQ5_TAP_DELAY_VAL"> 0 </spirit:value>
      </spirit:modelParameter>
      <spirit:modelParameter>
        <spirit:name>C_DQ6_TAP_DELAY_VAL</spirit:name>
        <spirit:value spirit:format="string" spirit:resolve="OPTIONAL" spirit:id="_component_.C_DQ6_TAP_DELAY_VAL"> 0 </spirit:value>
      </spirit:modelParameter>
      <spirit:modelParameter>
        <spirit:name>C_DQ7_TAP_DELAY_VAL</spirit:name>
        <spirit:value spirit:format="string" spirit:resolve="OPTIONAL" spirit:id="_component_.C_DQ7_TAP_DELAY_VAL"> 0 </spirit:value>
      </spirit:modelParameter>
      <spirit:modelParameter>
        <spirit:name>C_DQ8_TAP_DELAY_VAL</spirit:name>
        <spirit:value spirit:format="string" spirit:resolve="OPTIONAL" spirit:id="_component_.C_DQ8_TAP_DELAY_VAL"> 0 </spirit:value>
      </spirit:modelParameter>
      <spirit:modelParameter>
        <spirit:name>C_DQ9_TAP_DELAY_VAL</spirit:name>
        <spirit:value spirit:format="string" spirit:resolve="OPTIONAL" spirit:id="_component_.C_DQ9_TAP_DELAY_VAL"> 0 </spirit:value>
      </spirit:modelParameter>
      <spirit:modelParameter>
        <spirit:name>C_END_ADDRESS</spirit:name>
        <spirit:value spirit:format="string" spirit:resolve="OPTIONAL" spirit:id="_component_.C_END_ADDRESS"> 32&apos;h02ffffff:32&apos;h000008ff </spirit:value>
      </spirit:modelParameter>
      <spirit:modelParameter>
        <spirit:name>C_ENFORCE_RD_WR</spirit:name>
        <spirit:value spirit:format="string" spirit:resolve="OPTIONAL" spirit:id="_component_.C_ENFORCE_RD_WR"> 0 </spirit:value>
      </spirit:modelParameter>
      <spirit:modelParameter>
        <spirit:name>C_ENFORCE_RD_WR_CMD</spirit:name>
        <spirit:value spirit:format="string" spirit:resolve="OPTIONAL" spirit:id="_component_.C_ENFORCE_RD_WR_CMD"> 8&apos;h11 </spirit:value>
      </spirit:modelParameter>
      <spirit:modelParameter>
        <spirit:name>C_ENFORCE_RD_WR_PATTERN</spirit:name>
        <spirit:value spirit:format="string" spirit:resolve="OPTIONAL" spirit:id="_component_.C_ENFORCE_RD_WR_PATTERN"> 3&apos;b000 </spirit:value>
      </spirit:modelParameter>
      <spirit:modelParameter>
        <spirit:name>C_EN_UPSIZER</spirit:name>
        <spirit:value spirit:format="string" spirit:resolve="OPTIONAL" spirit:id="_component_.C_EN_UPSIZER"> 1) </spirit:value>
      </spirit:modelParameter>
      <spirit:modelParameter>
        <spirit:name>C_EN_WRAP_TRANS</spirit:name>
        <spirit:value spirit:format="string" spirit:resolve="OPTIONAL" spirit:id="_component_.C_EN_WRAP_TRANS"> 0 </spirit:value>
      </spirit:modelParameter>
      <spirit:modelParameter>
        <spirit:name>C_HW_TESTING</spirit:name>
        <spirit:value spirit:format="string" spirit:resolve="OPTIONAL" spirit:id="_component_.C_HW_TESTING"> FALSE </spirit:value>
      </spirit:modelParameter>
      <spirit:modelParameter>
        <spirit:name>C_INCLK_PERIOD</spirit:name>
        <spirit:value spirit:format="string" spirit:resolve="OPTIONAL" spirit:id="_component_.C_INCLK_PERIOD"> 2)) </spirit:value>
      </spirit:modelParameter>
      <spirit:modelParameter>
        <spirit:name>C_INPUT_CLK_TYPE</spirit:name>
        <spirit:value spirit:format="string" spirit:resolve="OPTIONAL" spirit:id="_component_.C_INPUT_CLK_TYPE"> DIFFERENTIAL </spirit:value>
      </spirit:modelParameter>
      <spirit:modelParameter>
        <spirit:name>C_INTERCONNECT_S0_AXI_AR_REGISTER</spirit:name>
        <spirit:value spirit:format="string" spirit:resolve="OPTIONAL" spirit:id="_component_.C_INTERCONNECT_S0_AXI_AR_REGISTER"> 8 </spirit:value>
      </spirit:modelParameter>
      <spirit:modelParameter>
        <spirit:name>C_INTERCONNECT_S0_AXI_AW_REGISTER</spirit:name>
        <spirit:value spirit:format="string" spirit:resolve="OPTIONAL" spirit:id="_component_.C_INTERCONNECT_S0_AXI_AW_REGISTER"> 8 </spirit:value>
      </spirit:modelParameter>
      <spirit:modelParameter>
        <spirit:name>C_INTERCONNECT_S0_AXI_B_REGISTER</spirit:name>
        <spirit:value spirit:format="string" spirit:resolve="OPTIONAL" spirit:id="_component_.C_INTERCONNECT_S0_AXI_B_REGISTER"> 8 </spirit:value>
      </spirit:modelParameter>
      <spirit:modelParameter>
        <spirit:name>C_INTERCONNECT_S0_AXI_READ_ACCEPTANCE</spirit:name>
        <spirit:value spirit:format="string" spirit:resolve="OPTIONAL" spirit:id="_component_.C_INTERCONNECT_S0_AXI_READ_ACCEPTANCE"> 4 </spirit:value>
      </spirit:modelParameter>
      <spirit:modelParameter>
        <spirit:name>C_INTERCONNECT_S0_AXI_READ_FIFO_DEPTH</spirit:name>
        <spirit:value spirit:format="string" spirit:resolve="OPTIONAL" spirit:id="_component_.C_INTERCONNECT_S0_AXI_READ_FIFO_DEPTH"> 0 </spirit:value>
      </spirit:modelParameter>
      <spirit:modelParameter>
        <spirit:name>C_INTERCONNECT_S0_AXI_R_REGISTER</spirit:name>
        <spirit:value spirit:format="string" spirit:resolve="OPTIONAL" spirit:id="_component_.C_INTERCONNECT_S0_AXI_R_REGISTER"> 8 </spirit:value>
      </spirit:modelParameter>
      <spirit:modelParameter>
        <spirit:name>C_INTERCONNECT_S0_AXI_SECURE</spirit:name>
        <spirit:value spirit:format="string" spirit:resolve="OPTIONAL" spirit:id="_component_.C_INTERCONNECT_S0_AXI_SECURE"> 0 </spirit:value>
      </spirit:modelParameter>
      <spirit:modelParameter>
        <spirit:name>C_INTERCONNECT_S0_AXI_WRITE_ACCEPTANCE</spirit:name>
        <spirit:value spirit:format="string" spirit:resolve="OPTIONAL" spirit:id="_component_.C_INTERCONNECT_S0_AXI_WRITE_ACCEPTANCE"> 4 </spirit:value>
      </spirit:modelParameter>
      <spirit:modelParameter>
        <spirit:name>C_INTERCONNECT_S0_AXI_WRITE_FIFO_DEPTH</spirit:name>
        <spirit:value spirit:format="string" spirit:resolve="OPTIONAL" spirit:id="_component_.C_INTERCONNECT_S0_AXI_WRITE_FIFO_DEPTH"> 0 </spirit:value>
      </spirit:modelParameter>
      <spirit:modelParameter>
        <spirit:name>C_INTERCONNECT_S0_AXI_W_REGISTER</spirit:name>
        <spirit:value spirit:format="string" spirit:resolve="OPTIONAL" spirit:id="_component_.C_INTERCONNECT_S0_AXI_W_REGISTER"> 8 </spirit:value>
      </spirit:modelParameter>
      <spirit:modelParameter>
        <spirit:name>C_LDQSN_TAP_DELAY_VAL</spirit:name>
        <spirit:value spirit:format="string" spirit:resolve="OPTIONAL" spirit:id="_component_.C_LDQSN_TAP_DELAY_VAL"> 0 </spirit:value>
      </spirit:modelParameter>
      <spirit:modelParameter>
        <spirit:name>C_LDQSP_TAP_DELAY_VAL</spirit:name>
        <spirit:value spirit:format="string" spirit:resolve="OPTIONAL" spirit:id="_component_.C_LDQSP_TAP_DELAY_VAL"> 0 </spirit:value>
      </spirit:modelParameter>
      <spirit:modelParameter>
        <spirit:name>C_MCB_LOC</spirit:name>
        <spirit:value spirit:format="string" spirit:resolve="OPTIONAL" spirit:id="_component_.C_MCB_LOC"> MEMC3 </spirit:value>
      </spirit:modelParameter>
      <spirit:modelParameter>
        <spirit:name>C_MCB_PERFORMANCE</spirit:name>
        <spirit:value spirit:format="string" spirit:resolve="OPTIONAL" spirit:id="_component_.C_MCB_PERFORMANCE"> EXTENDED </spirit:value>
      </spirit:modelParameter>
      <spirit:modelParameter>
        <spirit:name>C_MCB_RZQ_LOC</spirit:name>
        <spirit:value spirit:format="string" spirit:resolve="OPTIONAL" spirit:id="_component_.C_MCB_RZQ_LOC"> W4 </spirit:value>
      </spirit:modelParameter>
      <spirit:modelParameter>
        <spirit:name>C_MCB_USE_EXTERNAL_BUFPLL</spirit:name>
        <spirit:value spirit:format="string" spirit:resolve="OPTIONAL" spirit:id="_component_.C_MCB_USE_EXTERNAL_BUFPLL"> 0 </spirit:value>
      </spirit:modelParameter>
      <spirit:modelParameter>
        <spirit:name>C_MCB_ZIO_LOC</spirit:name>
        <spirit:value spirit:format="string" spirit:resolve="OPTIONAL" spirit:id="_component_.C_MCB_ZIO_LOC"> M7 </spirit:value>
      </spirit:modelParameter>
      <spirit:modelParameter>
        <spirit:name>C_MC_CALIBRATION_DELAY</spirit:name>
        <spirit:value spirit:format="string" spirit:resolve="OPTIONAL" spirit:id="_component_.C_MC_CALIBRATION_DELAY"> HALF </spirit:value>
      </spirit:modelParameter>
      <spirit:modelParameter>
        <spirit:name>C_MC_CALIBRATION_MODE</spirit:name>
        <spirit:value spirit:format="string" spirit:resolve="OPTIONAL" spirit:id="_component_.C_MC_CALIBRATION_MODE"> CALIBRATION </spirit:value>
      </spirit:modelParameter>
      <spirit:modelParameter>
        <spirit:name>C_MC_CALIB_BYPASS</spirit:name>
        <spirit:value spirit:format="string" spirit:resolve="OPTIONAL" spirit:id="_component_.C_MC_CALIB_BYPASS"> NO </spirit:value>
      </spirit:modelParameter>
      <spirit:modelParameter>
        <spirit:name>C_MEMCLK_PERIOD</spirit:name>
        <spirit:value spirit:format="string" spirit:resolve="OPTIONAL" spirit:id="_component_.C_MEMCLK_PERIOD"> 0 </spirit:value>
      </spirit:modelParameter>
      <spirit:modelParameter>
        <spirit:name>C_MEM_ADDR_ORDER</spirit:name>
        <spirit:value spirit:format="string" spirit:resolve="OPTIONAL" spirit:id="_component_.C_MEM_ADDR_ORDER"> ROW_BANK_COLUMN </spirit:value>
      </spirit:modelParameter>
      <spirit:modelParameter>
        <spirit:name>C_MEM_ADDR_WIDTH</spirit:name>
        <spirit:value spirit:format="string" spirit:resolve="OPTIONAL" spirit:id="_component_.C_MEM_ADDR_WIDTH"> 13 </spirit:value>
      </spirit:modelParameter>
      <spirit:modelParameter>
        <spirit:name>C_MEM_BANKADDR_WIDTH</spirit:name>
        <spirit:value spirit:format="string" spirit:resolve="OPTIONAL" spirit:id="_component_.C_MEM_BANKADDR_WIDTH"> 3 </spirit:value>
      </spirit:modelParameter>
      <spirit:modelParameter>
        <spirit:name>C_MEM_BURST_LEN</spirit:name>
        <spirit:value spirit:format="string" spirit:resolve="OPTIONAL" spirit:id="_component_.C_MEM_BURST_LEN"> 8 </spirit:value>
      </spirit:modelParameter>
      <spirit:modelParameter>
        <spirit:name>C_MEM_CAS_LATENCY</spirit:name>
        <spirit:value spirit:format="string" spirit:resolve="OPTIONAL" spirit:id="_component_.C_MEM_CAS_LATENCY"> 6 </spirit:value>
      </spirit:modelParameter>
      <spirit:modelParameter>
        <spirit:name>C_MEM_DDR1_2_ADDR_CONTROL_SSTL_ODS</spirit:name>
        <spirit:value spirit:format="string" spirit:resolve="OPTIONAL" spirit:id="_component_.C_MEM_DDR1_2_ADDR_CONTROL_SSTL_ODS"> CLASS_II </spirit:value>
      </spirit:modelParameter>
      <spirit:modelParameter>
        <spirit:name>C_MEM_DDR1_2_DATA_CONTROL_SSTL_ODS</spirit:name>
        <spirit:value spirit:format="string" spirit:resolve="OPTIONAL" spirit:id="_component_.C_MEM_DDR1_2_DATA_CONTROL_SSTL_ODS"> CLASS_II </spirit:value>
      </spirit:modelParameter>
      <spirit:modelParameter>
        <spirit:name>C_MEM_DDR1_2_ODS</spirit:name>
        <spirit:value spirit:format="string" spirit:resolve="OPTIONAL" spirit:id="_component_.C_MEM_DDR1_2_ODS"> FULL </spirit:value>
      </spirit:modelParameter>
      <spirit:modelParameter>
        <spirit:name>C_MEM_DDR2_3_HIGH_TEMP_SR</spirit:name>
        <spirit:value spirit:format="string" spirit:resolve="OPTIONAL" spirit:id="_component_.C_MEM_DDR2_3_HIGH_TEMP_SR"> NORMAL </spirit:value>
      </spirit:modelParameter>
      <spirit:modelParameter>
        <spirit:name>C_MEM_DDR2_3_PA_SR</spirit:name>
        <spirit:value spirit:format="string" spirit:resolve="OPTIONAL" spirit:id="_component_.C_MEM_DDR2_3_PA_SR"> FULL </spirit:value>
      </spirit:modelParameter>
      <spirit:modelParameter>
        <spirit:name>C_MEM_DDR2_DIFF_DQS_EN</spirit:name>
        <spirit:value spirit:format="string" spirit:resolve="OPTIONAL" spirit:id="_component_.C_MEM_DDR2_DIFF_DQS_EN"> YES </spirit:value>
      </spirit:modelParameter>
      <spirit:modelParameter>
        <spirit:name>C_MEM_DDR2_RTT</spirit:name>
        <spirit:value spirit:format="string" spirit:resolve="OPTIONAL" spirit:id="_component_.C_MEM_DDR2_RTT"> 150OHMS </spirit:value>
      </spirit:modelParameter>
      <spirit:modelParameter>
        <spirit:name>C_MEM_DDR3_AUTO_SR</spirit:name>
        <spirit:value spirit:format="string" spirit:resolve="OPTIONAL" spirit:id="_component_.C_MEM_DDR3_AUTO_SR"> ENABLED </spirit:value>
      </spirit:modelParameter>
      <spirit:modelParameter>
        <spirit:name>C_MEM_DDR3_CAS_LATENCY</spirit:name>
        <spirit:value spirit:format="string" spirit:resolve="OPTIONAL" spirit:id="_component_.C_MEM_DDR3_CAS_LATENCY"> 6 </spirit:value>
      </spirit:modelParameter>
      <spirit:modelParameter>
        <spirit:name>C_MEM_DDR3_CAS_WR_LATENCY</spirit:name>
        <spirit:value spirit:format="string" spirit:resolve="OPTIONAL" spirit:id="_component_.C_MEM_DDR3_CAS_WR_LATENCY"> 5 </spirit:value>
      </spirit:modelParameter>
      <spirit:modelParameter>
        <spirit:name>C_MEM_DDR3_ODS</spirit:name>
        <spirit:value spirit:format="string" spirit:resolve="OPTIONAL" spirit:id="_component_.C_MEM_DDR3_ODS"> DIV6 </spirit:value>
      </spirit:modelParameter>
      <spirit:modelParameter>
        <spirit:name>C_MEM_DDR3_RTT</spirit:name>
        <spirit:value spirit:format="string" spirit:resolve="OPTIONAL" spirit:id="_component_.C_MEM_DDR3_RTT"> DIV4 </spirit:value>
      </spirit:modelParameter>
      <spirit:modelParameter>
        <spirit:name>C_MEM_DENSITY</spirit:name>
        <spirit:value spirit:format="string" spirit:resolve="OPTIONAL" spirit:id="_component_.C_MEM_DENSITY"> 1Gb </spirit:value>
      </spirit:modelParameter>
      <spirit:modelParameter>
        <spirit:name>C_MEM_MDDR_ODS</spirit:name>
        <spirit:value spirit:format="string" spirit:resolve="OPTIONAL" spirit:id="_component_.C_MEM_MDDR_ODS"> FULL </spirit:value>
      </spirit:modelParameter>
      <spirit:modelParameter>
        <spirit:name>C_MEM_MOBILE_PA_SR</spirit:name>
        <spirit:value spirit:format="string" spirit:resolve="OPTIONAL" spirit:id="_component_.C_MEM_MOBILE_PA_SR"> FULL </spirit:value>
      </spirit:modelParameter>
      <spirit:modelParameter>
        <spirit:name>C_MEM_NUM_COL_BITS</spirit:name>
        <spirit:value spirit:format="string" spirit:resolve="OPTIONAL" spirit:id="_component_.C_MEM_NUM_COL_BITS"> 10 </spirit:value>
      </spirit:modelParameter>
      <spirit:modelParameter>
        <spirit:name>C_MEM_PARTNO</spirit:name>
        <spirit:value spirit:format="string" spirit:resolve="OPTIONAL" spirit:id="_component_.C_MEM_PARTNO"> MT41J64M16XX-15E </spirit:value>
      </spirit:modelParameter>
      <spirit:modelParameter>
        <spirit:name>C_MEM_TRAS</spirit:name>
        <spirit:value spirit:format="string" spirit:resolve="OPTIONAL" spirit:id="_component_.C_MEM_TRAS"> 37500 </spirit:value>
      </spirit:modelParameter>
      <spirit:modelParameter>
        <spirit:name>C_MEM_TRCD</spirit:name>
        <spirit:value spirit:format="string" spirit:resolve="OPTIONAL" spirit:id="_component_.C_MEM_TRCD"> 13130 </spirit:value>
      </spirit:modelParameter>
      <spirit:modelParameter>
        <spirit:name>C_MEM_TREFI</spirit:name>
        <spirit:value spirit:format="string" spirit:resolve="OPTIONAL" spirit:id="_component_.C_MEM_TREFI"> 7800000 </spirit:value>
      </spirit:modelParameter>
      <spirit:modelParameter>
        <spirit:name>C_MEM_TRFC</spirit:name>
        <spirit:value spirit:format="string" spirit:resolve="OPTIONAL" spirit:id="_component_.C_MEM_TRFC"> 160000 </spirit:value>
      </spirit:modelParameter>
      <spirit:modelParameter>
        <spirit:name>C_MEM_TRP</spirit:name>
        <spirit:value spirit:format="string" spirit:resolve="OPTIONAL" spirit:id="_component_.C_MEM_TRP"> 13130 </spirit:value>
      </spirit:modelParameter>
      <spirit:modelParameter>
        <spirit:name>C_MEM_TRTP</spirit:name>
        <spirit:value spirit:format="string" spirit:resolve="OPTIONAL" spirit:id="_component_.C_MEM_TRTP"> 7500 </spirit:value>
      </spirit:modelParameter>
      <spirit:modelParameter>
        <spirit:name>C_MEM_TWR</spirit:name>
        <spirit:value spirit:format="string" spirit:resolve="OPTIONAL" spirit:id="_component_.C_MEM_TWR"> 15000 </spirit:value>
      </spirit:modelParameter>
      <spirit:modelParameter>
        <spirit:name>C_MEM_TWTR</spirit:name>
        <spirit:value spirit:format="string" spirit:resolve="OPTIONAL" spirit:id="_component_.C_MEM_TWTR"> 7500 </spirit:value>
      </spirit:modelParameter>
      <spirit:modelParameter>
        <spirit:name>C_MEM_TYPE</spirit:name>
        <spirit:value spirit:format="string" spirit:resolve="OPTIONAL" spirit:id="_component_.C_MEM_TYPE"> DDR3 </spirit:value>
      </spirit:modelParameter>
      <spirit:modelParameter>
        <spirit:name>C_NUM_DQ_PINS</spirit:name>
        <spirit:value spirit:format="string" spirit:resolve="OPTIONAL" spirit:id="_component_.C_NUM_DQ_PINS"> 16 </spirit:value>
      </spirit:modelParameter>
      <spirit:modelParameter>
        <spirit:name>C_P0_MASK_SIZE</spirit:name>
        <spirit:value spirit:format="string" spirit:resolve="OPTIONAL" spirit:id="_component_.C_P0_MASK_SIZE"> 32 </spirit:value>
      </spirit:modelParameter>
      <spirit:modelParameter>
        <spirit:name>C_P0_PORT_MODE</spirit:name>
        <spirit:value spirit:format="string" spirit:resolve="OPTIONAL" spirit:id="_component_.C_P0_PORT_MODE"> BI_MODE </spirit:value>
      </spirit:modelParameter>
      <spirit:modelParameter>
        <spirit:name>C_P1_PORT_MODE</spirit:name>
        <spirit:value spirit:format="string" spirit:resolve="OPTIONAL" spirit:id="_component_.C_P1_PORT_MODE"> NONE </spirit:value>
      </spirit:modelParameter>
      <spirit:modelParameter>
        <spirit:name>C_P2_PORT_MODE</spirit:name>
        <spirit:value spirit:format="string" spirit:resolve="OPTIONAL" spirit:id="_component_.C_P2_PORT_MODE"> NONE </spirit:value>
      </spirit:modelParameter>
      <spirit:modelParameter>
        <spirit:name>C_P3_PORT_MODE</spirit:name>
        <spirit:value spirit:format="string" spirit:resolve="OPTIONAL" spirit:id="_component_.C_P3_PORT_MODE"> NONE </spirit:value>
      </spirit:modelParameter>
      <spirit:modelParameter>
        <spirit:name>C_P4_PORT_MODE</spirit:name>
        <spirit:value spirit:format="string" spirit:resolve="OPTIONAL" spirit:id="_component_.C_P4_PORT_MODE"> NONE </spirit:value>
      </spirit:modelParameter>
      <spirit:modelParameter>
        <spirit:name>C_P5_PORT_MODE</spirit:name>
        <spirit:value spirit:format="string" spirit:resolve="OPTIONAL" spirit:id="_component_.C_P5_PORT_MODE"> NONE </spirit:value>
      </spirit:modelParameter>
      <spirit:modelParameter>
        <spirit:name>C_PORT_CONFIG</spirit:name>
        <spirit:value spirit:format="string" spirit:resolve="OPTIONAL" spirit:id="_component_.C_PORT_CONFIG"> B32_B32_B32_B32 </spirit:value>
      </spirit:modelParameter>
      <spirit:modelParameter>
        <spirit:name>C_PORT_ENABLE</spirit:name>
        <spirit:value spirit:format="string" spirit:resolve="OPTIONAL" spirit:id="_component_.C_PORT_ENABLE"> 6&apos;b000001 </spirit:value>
      </spirit:modelParameter>
      <spirit:modelParameter>
        <spirit:name>C_PRBS_EADDR_MASK_POS</spirit:name>
        <spirit:value spirit:format="string" spirit:resolve="OPTIONAL" spirit:id="_component_.C_PRBS_EADDR_MASK_POS"> 32&apos;hfc000000:32&apos;hfffff000 </spirit:value>
      </spirit:modelParameter>
      <spirit:modelParameter>
        <spirit:name>C_PRBS_SADDR_MASK_POS</spirit:name>
        <spirit:value spirit:format="string" spirit:resolve="OPTIONAL" spirit:id="_component_.C_PRBS_SADDR_MASK_POS"> 32&apos;h01000000:32&apos;h00000700 </spirit:value>
      </spirit:modelParameter>
      <spirit:modelParameter>
        <spirit:name>C_RST_ACT_LOW</spirit:name>
        <spirit:value spirit:format="string" spirit:resolve="OPTIONAL" spirit:id="_component_.C_RST_ACT_LOW"> 0 </spirit:value>
      </spirit:modelParameter>
      <spirit:modelParameter>
        <spirit:name>C_S0_AXI_ADDR_WIDTH</spirit:name>
        <spirit:value spirit:format="string" spirit:resolve="OPTIONAL" spirit:id="_component_.C_S0_AXI_ADDR_WIDTH"> 32 </spirit:value>
      </spirit:modelParameter>
      <spirit:modelParameter>
        <spirit:name>C_S0_AXI_BASEADDR</spirit:name>
        <spirit:value spirit:format="string" spirit:resolve="OPTIONAL" spirit:id="_component_.C_S0_AXI_BASEADDR"> 0xa8000000 </spirit:value>
      </spirit:modelParameter>
      <spirit:modelParameter>
        <spirit:name>C_S0_AXI_DATA_WIDTH</spirit:name>
        <spirit:value spirit:format="string" spirit:resolve="OPTIONAL" spirit:id="_component_.C_S0_AXI_DATA_WIDTH"> 32 </spirit:value>
      </spirit:modelParameter>
      <spirit:modelParameter>
        <spirit:name>C_S0_AXI_ENABLE</spirit:name>
        <spirit:value spirit:format="string" spirit:resolve="OPTIONAL" spirit:id="_component_.C_S0_AXI_ENABLE"> 1 </spirit:value>
      </spirit:modelParameter>
      <spirit:modelParameter>
        <spirit:name>C_S0_AXI_ENABLE_AP</spirit:name>
        <spirit:value spirit:format="string" spirit:resolve="OPTIONAL" spirit:id="_component_.C_S0_AXI_ENABLE_AP"> 0 </spirit:value>
      </spirit:modelParameter>
      <spirit:modelParameter>
        <spirit:name>C_S0_AXI_HIGHADDR</spirit:name>
        <spirit:value spirit:format="string" spirit:resolve="OPTIONAL" spirit:id="_component_.C_S0_AXI_HIGHADDR"> 0xafffffff </spirit:value>
      </spirit:modelParameter>
      <spirit:modelParameter>
        <spirit:name>C_S0_AXI_STRICT_COHERENCY</spirit:name>
        <spirit:value spirit:format="string" spirit:resolve="OPTIONAL" spirit:id="_component_.C_S0_AXI_STRICT_COHERENCY"> 0 </spirit:value>
      </spirit:modelParameter>
      <spirit:modelParameter>
        <spirit:name>C_S0_AXI_SUPPORTS_NARROW_BURST</spirit:name>
        <spirit:value spirit:format="string" spirit:resolve="OPTIONAL" spirit:id="_component_.C_S0_AXI_SUPPORTS_NARROW_BURST"> Auto </spirit:value>
      </spirit:modelParameter>
      <spirit:modelParameter>
        <spirit:name>C_S0_AXI_SUPPORTS_READ</spirit:name>
        <spirit:value spirit:format="string" spirit:resolve="OPTIONAL" spirit:id="_component_.C_S0_AXI_SUPPORTS_READ"> 1 </spirit:value>
      </spirit:modelParameter>
      <spirit:modelParameter>
        <spirit:name>C_S0_AXI_SUPPORTS_WRITE</spirit:name>
        <spirit:value spirit:format="string" spirit:resolve="OPTIONAL" spirit:id="_component_.C_S0_AXI_SUPPORTS_WRITE"> 1 </spirit:value>
      </spirit:modelParameter>
      <spirit:modelParameter>
        <spirit:name>C_S1_AXI_ENABLE</spirit:name>
        <spirit:value spirit:format="string" spirit:resolve="OPTIONAL" spirit:id="_component_.C_S1_AXI_ENABLE"> 0 </spirit:value>
      </spirit:modelParameter>
      <spirit:modelParameter>
        <spirit:name>C_S1_AXI_SUPPORTS_READ</spirit:name>
        <spirit:value spirit:format="string" spirit:resolve="OPTIONAL" spirit:id="_component_.C_S1_AXI_SUPPORTS_READ"> 0 </spirit:value>
      </spirit:modelParameter>
      <spirit:modelParameter>
        <spirit:name>C_S1_AXI_SUPPORTS_WRITE</spirit:name>
        <spirit:value spirit:format="string" spirit:resolve="OPTIONAL" spirit:id="_component_.C_S1_AXI_SUPPORTS_WRITE"> 0 </spirit:value>
      </spirit:modelParameter>
      <spirit:modelParameter>
        <spirit:name>C_S2_AXI_ENABLE</spirit:name>
        <spirit:value spirit:format="string" spirit:resolve="OPTIONAL" spirit:id="_component_.C_S2_AXI_ENABLE"> 0 </spirit:value>
      </spirit:modelParameter>
      <spirit:modelParameter>
        <spirit:name>C_S2_AXI_SUPPORTS_READ</spirit:name>
        <spirit:value spirit:format="string" spirit:resolve="OPTIONAL" spirit:id="_component_.C_S2_AXI_SUPPORTS_READ"> 0 </spirit:value>
      </spirit:modelParameter>
      <spirit:modelParameter>
        <spirit:name>C_S2_AXI_SUPPORTS_WRITE</spirit:name>
        <spirit:value spirit:format="string" spirit:resolve="OPTIONAL" spirit:id="_component_.C_S2_AXI_SUPPORTS_WRITE"> 0 </spirit:value>
      </spirit:modelParameter>
      <spirit:modelParameter>
        <spirit:name>C_S3_AXI_ENABLE</spirit:name>
        <spirit:value spirit:format="string" spirit:resolve="OPTIONAL" spirit:id="_component_.C_S3_AXI_ENABLE"> 0 </spirit:value>
      </spirit:modelParameter>
      <spirit:modelParameter>
        <spirit:name>C_S3_AXI_SUPPORTS_READ</spirit:name>
        <spirit:value spirit:format="string" spirit:resolve="OPTIONAL" spirit:id="_component_.C_S3_AXI_SUPPORTS_READ"> 0 </spirit:value>
      </spirit:modelParameter>
      <spirit:modelParameter>
        <spirit:name>C_S3_AXI_SUPPORTS_WRITE</spirit:name>
        <spirit:value spirit:format="string" spirit:resolve="OPTIONAL" spirit:id="_component_.C_S3_AXI_SUPPORTS_WRITE"> 0 </spirit:value>
      </spirit:modelParameter>
      <spirit:modelParameter>
        <spirit:name>C_S4_AXI_ENABLE</spirit:name>
        <spirit:value spirit:format="string" spirit:resolve="OPTIONAL" spirit:id="_component_.C_S4_AXI_ENABLE"> 0 </spirit:value>
      </spirit:modelParameter>
      <spirit:modelParameter>
        <spirit:name>C_S4_AXI_SUPPORTS_READ</spirit:name>
        <spirit:value spirit:format="string" spirit:resolve="OPTIONAL" spirit:id="_component_.C_S4_AXI_SUPPORTS_READ"> 0 </spirit:value>
      </spirit:modelParameter>
      <spirit:modelParameter>
        <spirit:name>C_S4_AXI_SUPPORTS_WRITE</spirit:name>
        <spirit:value spirit:format="string" spirit:resolve="OPTIONAL" spirit:id="_component_.C_S4_AXI_SUPPORTS_WRITE"> 0 </spirit:value>
      </spirit:modelParameter>
      <spirit:modelParameter>
        <spirit:name>C_S5_AXI_ENABLE</spirit:name>
        <spirit:value spirit:format="string" spirit:resolve="OPTIONAL" spirit:id="_component_.C_S5_AXI_ENABLE"> 0 </spirit:value>
      </spirit:modelParameter>
      <spirit:modelParameter>
        <spirit:name>C_S5_AXI_SUPPORTS_READ</spirit:name>
        <spirit:value spirit:format="string" spirit:resolve="OPTIONAL" spirit:id="_component_.C_S5_AXI_SUPPORTS_READ"> 0 </spirit:value>
      </spirit:modelParameter>
      <spirit:modelParameter>
        <spirit:name>C_S5_AXI_SUPPORTS_WRITE</spirit:name>
        <spirit:value spirit:format="string" spirit:resolve="OPTIONAL" spirit:id="_component_.C_S5_AXI_SUPPORTS_WRITE"> 0 </spirit:value>
      </spirit:modelParameter>
      <spirit:modelParameter>
        <spirit:name>C_SIMULATION</spirit:name>
        <spirit:value spirit:format="string" spirit:resolve="OPTIONAL" spirit:id="_component_.C_SIMULATION"> FALSE </spirit:value>
      </spirit:modelParameter>
      <spirit:modelParameter>
        <spirit:name>C_SKIP_DYNAMIC_CAL</spirit:name>
        <spirit:value spirit:format="string" spirit:resolve="OPTIONAL" spirit:id="_component_.C_SKIP_DYNAMIC_CAL"> 0 </spirit:value>
      </spirit:modelParameter>
      <spirit:modelParameter>
        <spirit:name>C_SKIP_IN_TERM_CAL</spirit:name>
        <spirit:value spirit:format="string" spirit:resolve="OPTIONAL" spirit:id="_component_.C_SKIP_IN_TERM_CAL"> 1 </spirit:value>
      </spirit:modelParameter>
      <spirit:modelParameter>
        <spirit:name>C_SKIP_IN_TERM_CAL_VALUE</spirit:name>
        <spirit:value spirit:format="string" spirit:resolve="OPTIONAL" spirit:id="_component_.C_SKIP_IN_TERM_CAL_VALUE"> 50OHMS </spirit:value>
      </spirit:modelParameter>
      <spirit:modelParameter>
        <spirit:name>C_SMALL_DEVICE</spirit:name>
        <spirit:value spirit:format="string" spirit:resolve="OPTIONAL" spirit:id="_component_.C_SMALL_DEVICE"> FALSE </spirit:value>
      </spirit:modelParameter>
      <spirit:modelParameter>
        <spirit:name>C_UDQSN_TAP_DELAY_VAL</spirit:name>
        <spirit:value spirit:format="string" spirit:resolve="OPTIONAL" spirit:id="_component_.C_UDQSN_TAP_DELAY_VAL"> 0 </spirit:value>
      </spirit:modelParameter>
      <spirit:modelParameter>
        <spirit:name>C_UDQSP_TAP_DELAY_VAL</spirit:name>
        <spirit:value spirit:format="string" spirit:resolve="OPTIONAL" spirit:id="_component_.C_UDQSP_TAP_DELAY_VAL"> 0 </spirit:value>
      </spirit:modelParameter>
      <spirit:modelParameter>
        <spirit:name>DEBUG_EN</spirit:name>
        <spirit:value spirit:format="string" spirit:resolve="OPTIONAL" spirit:id="_component_.DEBUG_EN"> 0 </spirit:value>
      </spirit:modelParameter>
    </spirit:modelParameters>
  </spirit:model>
</spirit:component>
